title,link,feed_url,description
花火学园,https://www.sayhanabi.net/,,和谐融洽的ACG交流以及资源聚集地
资源统筹局,https://gkdworld.com/,,统筹保管用户分享的资源
贫困的蚊子,https://mozz.ie/,https://mozz.ie/index.xml,
极客兔兔,https://geektutu.com/,https://geektutu.com/atom.xml,致力于分享有趣的技术实践
维基萌,https://www.wikimoe.com/,https://www.wikimoe.com/rss,萌即是正义！一名热爱acg的前端设计师的小站！
7gugu's blog,https://www.7gugu.com/,https://7gugu.com/index.php/feed/,"一个用来存放我爱好的地方,编程,摄影之类的空间"
云游君,https://www.yunyoujun.cn/,https://www.yunyoujun.cn/atom.xml,希望能成为一个有趣的人。
Kingfish404,https://blog.kingfish404.cn/,https://blog.kingfish404.cn/index.xml,"Stay curious,stay naive. WUT. Jin Yu's Blog"
FKUN,https://blog.fkun.tech/,https://blog.fkun.tech/feed/,
Sinofine,https://sinofine.me/,https://sinofine.me/atom.xml,
花生莲子粥,https://blog.hslzz.cn/,https://blog.hslzz.cn/atom.xml,与世无争，不染于泥
Vullfin的博客,https://blog.vull.top/,https://blog.vull.top/atom.xml,Vullfin's Home Page
阿涛の小破站,https://emohe.cn/,https://emohe.cn/rss.xml,Docker技术分享
記緒漂流,https://ttio.cc/,https://ttio.cc/feed/,于记忆之川，泛思绪之舟。
陈陈菌博客,https://blog.glumi.cn/,https://blog.glumi.cn/rss.xml,计算机业余爱好者。
彬红茶日记,https://note.redcha.cn/,https://note.redcha.cn/rss.xml,我的个人日记！
Lanke's blog,https://www.blueke.top/,https://www.blueke.top/rss.xml,请为一切不真实之物骄傲，因为我们高于这个世界！
时光流·言,https://www.hansjack.com/,https://www.hansjack.com/feed/,个人博客，持续分享网站部署实战经验、精选书评解读和生活观察手记。 这里提供可复用的技术教程、深度阅读指南和真实生活洞察，与技术爱好者一起进步......
Pinpe 的云端,https://pinpe.top/,https://pinpe.top/rss.xml,一个属于自己的云朵。
Chise Hachiroku,https://chise.hachiroku.com/,https://chise.hachiroku.com/zh/feed/,
